width,heigth,total_time
100,100,120.669000
500,500,3016.345000
1000,1000,12056.083000
5000,5000,300588.919000