width,heigth,total_time
100,100,77.842000
500,500,1954.900000
1000,1000,7790.693000
5000,5000,194305.470000